{"cameraMode":{"drawMode":0,"name":"Shaded","section":"Shading Mode"},"sceneLighting":false,"audioPlay":false,"sceneViewState":{"showFog":true,"showMaterialUpdate":false,"showSkybox":false,"showFlares":true,"showImageEffects":true,"showParticleSystems":true},"in2DMode":false,"pivot":{"x":-4.216920852661133,"y":-4.110476493835449,"z":0.4445953369140625},"rotation":{"x":-0.0026894023176282646,"y":0.01949278637766838,"z":0.00005490665716934018,"w":0.9998176693916321},"size":201.7247772216797,"orthographic":false}